{
  "STDP_Tau_C": 0.05,
  "STDP_Tau_D": 0.05,
  "layerwise_bio_conductance_scaling": {
    "e2e_ff": [5e-10, 5e-10, 5e-10],
    "e2i_l": [1.75e-08, 1.75e-08, 1.75e-08, 1.75e-08],
    "i2e_l": [2.0000000000000004e-08, 2.0000000000000004e-08, 2.0000000000000004e-08, 2.0000000000000004e-08]
  },
  "fan_in_count": {
    "e2e_ff": 180,
    "g2e_ff": 270
  },
  "fan_in_std":{
    "g2e_ff": 10.0
  }
}
