{
  "all_synapses_decay_tau": 0.03,
  "STDP_Tau_C": 0.005,
  "STDP_Tau_D": 0.005,
  "avg_rate_stimuli": 0.1,
  "layerwise_bio_conductance_scaling": {
    "e2e_ff": [
      1.5e-08,
      1.5e-08,
      1.5e-08,
      1.5e-08
    ],
    "e2i_l": [
      5.25000000e-07,
      5.25000000e-07,
      5.25000000e-07,
      5.25000000e-07
    ],
    "i2e_l": [
      6.00000000e-07,
      6.00000000e-07,
      6.00000000e-07,
      6.00000000e-07
    ]
  },
  "fan_in_count": {
    "e2e_ff": 180,
    "g2e_ff": 270,
    "i2e_l": 60,
    "e2i_l": 60
  },
  "fan_in_std": {
    "e2e_ff": 50.0,
    "g2e_ff": 10.0,
    "e2i_l": 8.0,
    "i2e_l": 4.0
  }
}
