{
  "STDP_Tau_C": 0.005,
  "STDP_Tau_D": 0.005,
  "layerwise_bio_conductance_scaling": {
    "e2e_ff": [6.25e-10, 5e-10, 7.500000000000001e-10],
    "e2i_l": [2.2000000000000002e-08, 3.25e-08, 1.75e-08, 3.2e-08],
    "i2e_l": [4e-09, 3.7500000000000005e-08, 2.0000000000000004e-08, 3.2500000000000006e-08]
  },
  "fan_in_count": {
    "e2e_ff": 180,
    "g2e_ff": 90
  },
  "fan_in_std": {
    "g2e_ff": 4.0
  }
}
